id,gid,x,y,v_x,v_y,radius,time
0,0,7.998957,-0.000737,-0.010428,-0.007375,0.500000,0.100000
1,1,5.656157,5.655691,-0.006927,-0.011592,0.500000,0.100000
2,2,0.000136,7.999484,0.001365,-0.005157,0.500000,0.100000
3,3,-5.656455,5.657085,0.003946,0.002345,0.500000,0.100000
4,4,-7.998534,-0.000213,0.014659,-0.002127,0.500000,0.100000
5,5,-5.655473,-5.656671,0.013768,0.001892,0.500000,0.100000
6,6,0.000707,-7.999852,0.007066,0.001476,0.500000,0.100000
7,7,5.656605,-5.656814,-0.002548,0.000355,0.500000,0.100000
0,0,7.997616,-0.000027,-0.013412,0.007103,0.500000,0.200000
1,1,5.655108,5.654718,-0.010495,-0.009729,0.500000,0.200000
2,2,0.000095,7.999218,-0.000415,-0.002663,0.500000,0.200000
3,3,-5.656433,5.657187,0.000226,0.001029,0.500000,0.200000
4,4,-7.998344,-0.001207,0.001896,-0.009936,0.500000,0.200000
5,5,-5.654661,-5.657080,0.008123,-0.004092,0.500000,0.200000
6,6,0.000207,-8.000111,-0.004995,-0.002583,0.500000,0.200000
7,7,5.655490,-5.657406,-0.011151,-0.005914,0.500000,0.200000
0,0,7.990828,0.001307,-0.067875,0.013347,0.500000,0.300000
1,1,5.653283,5.653313,-0.018248,-0.014044,0.500000,0.300000
2,2,0.000014,7.999228,-0.000808,0.000098,0.500000,0.300000
3,3,-5.656086,5.656247,0.003470,-0.009408,0.500000,0.300000
4,4,-7.998371,-0.001950,-0.000260,-0.007426,0.500000,0.300000
5,5,-5.654491,-5.656844,0.001701,0.002364,0.500000,0.300000
6,6,-0.000404,-7.999608,-0.006110,0.005027,0.500000,0.300000
7,7,5.653990,-5.656644,-0.014996,0.007619,0.500000,0.300000
0,0,7.982067,0.007476,-0.087618,0.061684,0.500000,0.400000
1,1,5.652587,5.653221,-0.006958,-0.000927,0.500000,0.400000
2,2,-0.000022,7.999113,-0.000362,-0.001146,0.500000,0.400000
3,3,-5.655824,5.655844,0.002616,-0.004024,0.500000,0.400000
4,4,-7.994632,-0.004454,0.037383,-0.025042,0.500000,0.400000
5,5,-5.652892,-5.653919,0.015993,0.029243,0.500000,0.400000
6,6,-0.001348,-7.998876,-0.009441,0.007315,0.500000,0.400000
7,7,5.652391,-5.656601,-0.015992,0.000429,0.500000,0.400000
0,0,7.966880,0.010364,-0.151872,0.028883,0.500000,0.500000
1,1,5.652300,5.652124,-0.002872,-0.010970,0.500000,0.500000
2,2,-0.000260,7.998335,-0.002376,-0.007785,0.500000,0.500000
3,3,-5.654795,5.655304,0.010289,-0.005399,0.500000,0.500000
4,4,-7.992196,-0.005874,0.024363,-0.014200,0.500000,0.500000
5,5,-5.651870,-5.652279,0.010217,0.016399,0.500000,0.500000
6,6,-0.001277,-7.998784,0.000704,0.000924,0.500000,0.500000
7,7,5.647119,-5.655211,-0.052723,0.013897,0.500000,0.500000
0,0,7.951306,0.022641,-0.155734,0.122768,0.500000,0.600000
1,1,5.651655,5.650986,-0.006446,-0.011376,0.500000,0.600000
2,2,-0.000399,7.997530,-0.001390,-0.008045,0.500000,0.600000
3,3,-5.653907,5.653548,0.008883,-0.017561,0.500000,0.600000
4,4,-7.985431,-0.010322,0.067645,-0.044484,0.500000,0.600000
5,5,-5.650619,-5.647041,0.012506,0.052387,0.500000,0.600000
6,6,-0.001731,-7.998148,-0.004535,0.006364,0.500000,0.600000
7,7,5.635264,-5.651138,-0.118548,0.040729,0.500000,0.600000
0,0,7.931951,0.037422,-0.193554,0.147808,0.500000,0.700000
1,1,5.649493,5.651295,-0.021627,0.003086,0.500000,0.700000
2,2,-0.000667,7.996506,-0.002683,-0.010239,0.500000,0.700000
3,3,-5.650706,5.646257,0.032007,-0.072909,0.500000,0.700000
4,4,-7.979610,-0.012047,0.058215,-0.017244,0.500000,0.700000
5,5,-5.644910,-5.639417,0.057090,0.076234,0.500000,0.700000
6,6,-0.002008,-7.994464,-0.002770,0.036835,0.500000,0.700000
7,7,5.628362,-5.643973,-0.069022,0.071660,0.500000,0.700000
0,0,7.911708,0.050276,-0.202425,0.128545,0.500000,0.800000
1,1,5.648718,5.650479,-0.007749,-0.008161,0.500000,0.800000
2,2,-0.000213,7.995072,0.004543,-0.014342,0.500000,0.800000
3,3,-5.639047,5.635243,0.116595,-0.110140,0.500000,0.800000
4,4,-7.964082,-0.009938,0.155276,0.021092,0.500000,0.800000
5,5,-5.637937,-5.629798,0.069731,0.096189,0.500000,0.800000
6,6,-0.002465,-7.991294,-0.004569,0.031704,0.500000,0.800000
7,7,5.618762,-5.633208,-0.095996,0.107643,0.500000,0.800000
0,0,7.883735,0.056731,-0.279728,0.064548,0.500000,0.900000
1,1,5.643545,5.647832,-0.051731,-0.026470,0.500000,0.900000
2,2,-0.000045,7.991696,0.001683,-0.033757,0.500000,0.900000
3,3,-5.627281,5.619991,0.117656,-0.152523,0.500000,0.900000
4,4,-7.941541,-0.011860,0.225415,-0.019228,0.500000,0.900000
5,5,-5.634623,-5.619764,0.033140,0.100342,0.500000,0.900000
6,6,-0.001860,-7.989956,0.006044,0.013382,0.500000,0.900000
7,7,5.605893,-5.616080,-0.128694,0.171285,0.500000,0.900000
0,0,7.838075,0.063675,-0.456599,0.069438,0.500000,1.000000
1,1,5.634823,5.643871,-0.087216,-0.039606,0.500000,1.000000
2,2,0.000160,7.983158,0.002042,-0.085384,0.500000,1.000000
3,3,-5.604748,5.598344,0.225332,-0.216475,0.500000,1.000000
4,4,-7.911052,-0.020650,0.304884,-0.087895,0.500000,1.000000
5,5,-5.628838,-5.610709,0.057853,0.090554,0.500000,1.000000
6,6,-0.001345,-7.985506,0.005152,0.044491,0.500000,1.000000
7,7,5.593607,-5.589217,-0.122855,0.268631,0.500000,1.000000
0,0,7.781017,0.068780,-0.570585,0.051054,0.500000,1.100000
1,1,5.623403,5.639391,-0.114206,-0.044797,0.500000,1.100000
2,2,0.006023,7.974209,0.058635,-0.089484,0.500000,1.100000
3,3,-5.583703,5.574319,0.210449,-0.240250,0.500000,1.100000
4,4,-7.875257,-0.031104,0.357955,-0.104544,0.500000,1.100000
5,5,-5.623096,-5.599124,0.057416,0.115849,0.500000,1.100000
6,6,-0.005988,-7.977387,-0.046424,0.081193,0.500000,1.100000
7,7,5.581293,-5.555399,-0.123140,0.338178,0.500000,1.100000
0,0,7.721120,0.081608,-0.598968,0.128273,0.500000,1.200000
1,1,5.611011,5.634119,-0.123921,-0.052727,0.500000,1.200000
2,2,0.013965,7.961350,0.079420,-0.128592,0.500000,1.200000
3,3,-5.563889,5.538807,0.198143,-0.355117,0.500000,1.200000
4,4,-7.844603,-0.041057,0.306540,-0.099526,0.500000,1.200000
5,5,-5.612640,-5.583653,0.104563,0.154712,0.500000,1.200000
6,6,-0.011076,-7.969927,-0.050886,0.074598,0.500000,1.200000
7,7,5.542770,-5.499596,-0.385230,0.558027,0.500000,1.200000
0,0,7.645120,0.089231,-0.760000,0.076236,0.500000,1.300000
1,1,5.597900,5.627150,-0.131102,-0.069691,0.500000,1.300000
2,2,0.015894,7.938016,0.019288,-0.233344,0.500000,1.300000
3,3,-5.521138,5.504184,0.427502,-0.346233,0.500000,1.300000
4,4,-7.801942,-0.050451,0.426607,-0.093947,0.500000,1.300000
5,5,-5.585784,-5.562069,0.268563,0.215839,0.500000,1.300000
6,6,-0.014583,-7.962595,-0.035067,0.073325,0.500000,1.300000
7,7,5.509700,-5.435829,-0.330701,0.637670,0.500000,1.300000
0,0,7.548540,0.077266,-0.965800,-0.119649,0.500000,1.400000
1,1,5.585339,5.612997,-0.125614,-0.141528,0.500000,1.400000
2,2,0.015248,7.898768,-0.006457,-0.392478,0.500000,1.400000
3,3,-5.458543,5.450791,0.625951,-0.533925,0.500000,1.400000
4,4,-7.751617,-0.051000,0.503249,-0.005489,0.500000,1.400000
5,5,-5.563154,-5.540262,0.226296,0.218069,0.500000,1.400000
6,6,-0.017656,-7.955932,-0.030727,0.066624,0.500000,1.400000
7,7,5.475878,-5.367164,-0.338225,0.686650,0.500000,1.400000
0,0,7.461278,0.081937,-0.872623,0.046712,0.500000,1.500000
1,1,5.565614,5.593362,-0.197251,-0.196348,0.500000,1.500000
2,2,0.011684,7.849543,-0.035639,-0.492250,0.500000,1.500000
3,3,-5.403805,5.394403,0.547379,-0.563879,0.500000,1.500000
4,4,-7.686193,-0.058663,0.654242,-0.076632,0.500000,1.500000
5,5,-5.523073,-5.508447,0.400808,0.318147,0.500000,1.500000
6,6,-0.027237,-7.943194,-0.095815,0.127383,0.500000,1.500000
7,7,5.440507,-5.283687,-0.353706,0.834768,0.500000,1.500000
0,0,7.364790,0.087304,-0.964879,0.053664,0.500000,1.600000
1,1,5.546558,5.566617,-0.190560,-0.267450,0.500000,1.600000
2,2,0.013798,7.774192,0.021138,-0.753510,0.500000,1.600000
3,3,-5.325129,5.340232,0.786761,-0.541715,0.500000,1.600000
4,4,-7.614784,-0.070692,0.714097,-0.120284,0.500000,1.600000
5,5,-5.472433,-5.478101,0.506407,0.303466,0.500000,1.600000
6,6,-0.038990,-7.923529,-0.117531,0.196648,0.500000,1.600000
7,7,5.387329,-5.206104,-0.531778,0.775829,0.500000,1.600000
0,0,7.223641,0.104261,-1.411489,0.169569,0.500000,1.700000
1,1,5.523394,5.543039,-0.231642,-0.235776,0.500000,1.700000
2,2,0.010002,7.655955,-0.037959,-1.182373,0.500000,1.700000
3,3,-5.263941,5.284550,0.611885,-0.556815,0.500000,1.700000
4,4,-7.540704,-0.079501,0.740796,-0.088093,0.500000,1.700000
5,5,-5.417942,-5.427627,0.544911,0.504734,0.500000,1.700000
6,6,-0.051825,-7.905629,-0.128350,0.178999,0.500000,1.700000
7,7,5.324680,-5.127932,-0.626495,0.781724,0.500000,1.700000
0,0,7.095360,0.145376,-1.282812,0.411152,0.500000,1.800000
1,1,5.502247,5.515859,-0.211468,-0.271802,0.500000,1.800000
2,2,-0.010110,7.531401,-0.201120,-1.245535,0.500000,1.800000
3,3,-5.184204,5.205559,0.797365,-0.789910,0.500000,1.800000
4,4,-7.460805,-0.081238,0.798993,-0.017371,0.500000,1.800000
5,5,-5.364534,-5.354897,0.534074,0.727304,0.500000,1.800000
6,6,-0.076398,-7.875532,-0.245732,0.300971,0.500000,1.800000
7,7,5.271036,-5.044635,-0.536440,0.832972,0.500000,1.800000
0,0,6.997735,0.134897,-0.976249,-0.104790,0.500000,1.900000
1,1,5.479529,5.488407,-0.227176,-0.274524,0.500000,1.900000
2,2,-0.032994,7.403213,-0.228842,-1.281885,0.500000,1.900000
3,3,-5.086880,5.111790,0.973239,-0.937692,0.500000,1.900000
4,4,-7.358182,-0.076691,1.026231,0.045472,0.500000,1.900000
5,5,-5.296575,-5.273534,0.679591,0.813624,0.500000,1.900000
6,6,-0.095931,-7.843738,-0.195321,0.317941,0.500000,1.900000
7,7,5.229069,-4.959160,-0.419670,0.854746,0.500000,1.900000
0,0,6.867115,0.140684,-1.306201,0.057871,0.500000,2.000000
1,1,5.456326,5.449827,-0.232031,-0.385795,0.500000,2.000000
2,2,-0.051254,7.271023,-0.182599,-1.321902,0.500000,2.000000
3,3,-4.980913,5.037754,1.059671,-0.740363,0.500000,2.000000
4,4,-7.255885,-0.098322,1.022967,-0.216309,0.500000,2.000000
5,5,-5.243672,-5.191750,0.529036,0.817845,0.500000,2.000000
6,6,-0.119686,-7.803352,-0.237551,0.403865,0.500000,2.000000
7,7,5.197465,-4.873748,-0.316044,0.854124,0.500000,2.000000
0,0,6.724868,0.126147,-1.422469,-0.145371,0.500000,2.100000
1,1,5.421216,5.403908,-0.351098,-0.459193,0.500000,2.100000
2,2,-0.031919,7.126984,0.193352,-1.440386,0.500000,2.100000
3,3,-4.873662,4.944493,1.072511,-0.932608,0.500000,2.100000
4,4,-7.161172,-0.142553,0.947131,-0.442308,0.500000,2.100000
5,5,-5.177240,-5.101194,0.664313,0.905557,0.500000,2.100000
6,6,-0.120738,-7.757620,-0.010520,0.457315,0.500000,2.100000
7,7,5.146398,-4.820652,-0.510665,0.530955,0.500000,2.100000
0,0,6.588569,0.113739,-1.362989,-0.124084,0.500000,2.200000
1,1,5.386160,5.346153,-0.350561,-0.577548,0.500000,2.200000
2,2,-0.008394,6.969852,0.235245,-1.571318,0.500000,2.200000
3,3,-4.773569,4.868792,1.000930,-0.757005,0.500000,2.200000
4,4,-7.063859,-0.175889,0.973125,-0.333359,0.500000,2.200000
5,5,-5.075973,-5.007178,1.012668,0.940162,0.500000,2.200000
6,6,-0.115688,-7.685063,0.050501,0.725566,0.500000,2.200000
7,7,5.091814,-4.760546,-0.545837,0.601059,0.500000,2.200000
0,0,6.483945,0.102532,-1.046245,-0.112070,0.500000,2.300000
1,1,5.339751,5.283732,-0.464092,-0.624208,0.500000,2.300000
2,2,-0.013623,6.840232,-0.052282,-1.296200,0.500000,2.300000
3,3,-4.695547,4.810913,0.780226,-0.578791,0.500000,2.300000
4,4,-6.966736,-0.185876,0.971231,-0.099874,0.500000,2.300000
5,5,-5.015277,-4.898120,0.606968,1.090578,0.500000,2.300000
6,6,-0.117254,-7.614570,-0.015666,0.704937,0.500000,2.300000
7,7,5.029366,-4.685751,-0.624486,0.747955,0.500000,2.300000
0,0,6.355683,0.105100,-1.282612,0.025682,0.500000,2.400000
1,1,5.276138,5.209886,-0.636128,-0.738465,0.500000,2.400000
2,2,0.020187,6.699330,0.338093,-1.409025,0.500000,2.400000
3,3,-4.585198,4.753188,1.103487,-0.577256,0.500000,2.400000
4,4,-6.873718,-0.173255,0.930186,0.126207,0.500000,2.400000
5,5,-4.928293,-4.796978,0.869839,1.011419,0.500000,2.400000
6,6,-0.113840,-7.496396,0.034145,1.181741,0.500000,2.400000
7,7,4.959077,-4.603069,-0.702884,0.826821,0.500000,2.400000
0,0,6.249008,0.145026,-1.066757,0.399264,0.500000,2.500000
1,1,5.206193,5.148821,-0.699453,-0.610646,0.500000,2.500000
2,2,0.031140,6.553005,0.109534,-1.463248,0.500000,2.500000
3,3,-4.431518,4.712165,1.536794,-0.410221,0.500000,2.500000
4,4,-6.803412,-0.133738,0.703060,0.395175,0.500000,2.500000
5,5,-4.824188,-4.695964,1.041049,1.010140,0.500000,2.500000
6,6,-0.126602,-7.379556,-0.127617,1.168398,0.500000,2.500000
7,7,4.889160,-4.536459,-0.699170,0.666093,0.500000,2.500000
0,0,6.135115,0.173857,-1.138931,0.288309,0.500000,2.600000
1,1,5.134027,5.100029,-0.721656,-0.487922,0.500000,2.600000
2,2,0.053956,6.419832,0.228157,-1.331725,0.500000,2.600000
3,3,-4.286696,4.701449,1.448226,-0.107164,0.500000,2.600000
4,4,-6.729899,-0.094633,0.735127,0.391050,0.500000,2.600000
5,5,-4.743712,-4.585382,0.804760,1.105821,0.500000,2.600000
6,6,-0.146238,-7.240948,-0.196360,1.386080,0.500000,2.600000
7,7,4.817395,-4.468464,-0.717651,0.679951,0.500000,2.600000
0,0,6.062034,0.178126,-0.730803,0.042693,0.500000,2.700000
1,1,5.064436,5.048061,-0.695910,-0.519680,0.500000,2.700000
2,2,0.079742,6.283914,0.257862,-1.359179,0.500000,2.700000
3,3,-4.161160,4.694204,1.255358,-0.072450,0.500000,2.700000
4,4,-6.647763,-0.058782,0.821359,0.358508,0.500000,2.700000
5,5,-4.634188,-4.500147,1.095237,0.852354,0.500000,2.700000
6,6,-0.157381,-7.116907,-0.111435,1.240405,0.500000,2.700000
7,7,4.734536,-4.409671,-0.828595,0.587930,0.500000,2.700000
0,0,5.985752,0.186019,-0.762823,0.078928,0.500000,2.800000
1,1,4.985066,4.972487,-0.793705,-0.755740,0.500000,2.800000
2,2,0.085946,6.169929,0.062038,-1.139855,0.500000,2.800000
3,3,-4.034991,4.681388,1.261687,-0.128164,0.500000,2.800000
4,4,-6.537509,-0.027700,1.102541,0.310827,0.500000,2.800000
5,5,-4.531994,-4.407101,1.021937,0.930454,0.500000,2.800000
6,6,-0.169859,-7.023478,-0.124778,0.934288,0.500000,2.800000
7,7,4.652784,-4.381384,-0.817522,0.282877,0.500000,2.800000
0,0,5.885265,0.192600,-1.004874,0.065809,0.500000,2.900000
1,1,4.874703,4.890870,-1.103631,-0.816171,0.500000,2.900000
2,2,0.116325,6.060050,0.303789,-1.098786,0.500000,2.900000
3,3,-3.909040,4.690959,1.259511,0.095708,0.500000,2.900000
4,4,-6.446405,0.020543,0.911035,0.482429,0.500000,2.900000
5,5,-4.390913,-4.328371,1.410815,0.787308,0.500000,2.900000
6,6,-0.163799,-6.869413,0.060594,1.540651,0.500000,2.900000
7,7,4.572003,-4.326868,-0.807805,0.545154,0.500000,2.900000
0,0,5.765534,0.197994,-1.197305,0.053943,0.500000,3.000000
1,1,4.829414,4.801136,-0.452887,-0.897339,0.500000,3.000000
2,2,0.134830,5.956211,0.185050,-1.038390,0.500000,3.000000
3,3,-3.782974,4.693463,1.260662,0.025042,0.500000,3.000000
4,4,-6.358694,0.055050,0.877118,0.345069,0.500000,3.000000
5,5,-4.282377,-4.241775,1.085364,0.865950,0.500000,3.000000
6,6,-0.154065,-6.667396,0.097341,2.020177,0.500000,3.000000
7,7,4.505026,-4.262709,-0.669771,0.641591,0.500000,3.000000
0,0,5.639399,0.183749,-1.261350,-0.142453,0.500000,3.100000
1,1,4.755165,4.728884,-0.742484,-0.722522,0.500000,3.100000
2,2,0.149873,5.879370,0.150429,-0.768411,0.500000,3.100000
3,3,-3.639952,4.686435,1.430225,-0.070280,0.500000,3.100000
4,4,-6.242057,0.092426,1.166363,0.373760,0.500000,3.100000
5,5,-4.189213,-4.145701,0.931636,0.960746,0.500000,3.100000
6,6,-0.138080,-6.567978,0.159855,0.994174,0.500000,3.100000
7,7,4.444683,-4.200016,-0.603426,0.626931,0.500000,3.100000
0,0,5.495251,0.153969,-1.441477,-0.297796,0.500000,3.200000
1,1,4.715203,4.676631,-0.399626,-0.522525,0.500000,3.200000
2,2,0.150758,5.782964,0.008853,-0.964056,0.500000,3.200000
3,3,-3.534845,4.678414,1.051070,-0.080209,0.500000,3.200000
4,4,-6.133675,0.100619,1.083821,0.081924,0.500000,3.200000
5,5,-4.131751,-4.035804,0.574618,1.098967,0.500000,3.200000
6,6,-0.140480,-6.466590,-0.024001,1.013883,0.500000,3.200000
7,7,4.376756,-4.151443,-0.679273,0.485731,0.500000,3.200000
0,0,5.391588,0.149313,-1.036631,-0.046562,0.500000,3.300000
1,1,4.636869,4.597621,-0.783340,-0.790104,0.500000,3.300000
2,2,0.185830,5.694322,0.350717,-0.886423,0.500000,3.300000
3,3,-3.458281,4.637622,0.765639,-0.407917,0.500000,3.300000
4,4,-6.067861,0.100301,0.658145,-0.003173,0.500000,3.300000
5,5,-4.099503,-3.932832,0.322480,1.029721,0.500000,3.300000
6,6,-0.153338,-6.362186,-0.128578,1.044039,0.500000,3.300000
7,7,4.311202,-4.094882,-0.655538,0.565611,0.500000,3.300000
0,0,5.256801,0.143782,-1.347870,-0.055309,0.500000,3.400000
1,1,4.577532,4.519782,-0.593368,-0.778385,0.500000,3.400000
2,2,0.217210,5.555590,0.313805,-1.387325,0.500000,3.400000
3,3,-3.395733,4.578584,0.625482,-0.590384,0.500000,3.400000
4,4,-6.018389,0.111040,0.494719,0.107385,0.500000,3.400000
5,5,-4.049130,-3.829311,0.503727,1.035211,0.500000,3.400000
6,6,-0.182476,-6.247004,-0.291384,1.151819,0.500000,3.400000
7,7,4.256557,-4.050237,-0.546452,0.446449,0.500000,3.400000
0,0,5.157663,0.127279,-0.991380,-0.165033,0.500000,3.500000
1,1,4.497798,4.441215,-0.797336,-0.785673,0.500000,3.500000
2,2,0.214991,5.428168,-0.022197,-1.274216,0.500000,3.500000
3,3,-3.314965,4.504266,0.807681,-0.743176,0.500000,3.500000
4,4,-5.957449,0.126080,0.609399,0.150397,0.500000,3.500000
5,5,-3.981351,-3.738677,0.677792,0.906339,0.500000,3.500000
6,6,-0.207863,-6.147458,-0.253864,0.995461,0.500000,3.500000
7,7,4.202197,-3.985476,-0.543602,0.647606,0.500000,3.500000
0,0,5.055347,0.122164,-1.023164,-0.051152,0.500000,3.600000
1,1,4.421324,4.384449,-0.764747,-0.567665,0.500000,3.600000
2,2,0.224027,5.281963,0.090363,-1.462053,0.500000,3.600000
3,3,-3.263003,4.415842,0.519614,-0.884238,0.500000,3.600000
4,4,-5.886007,0.139611,0.714415,0.135309,0.500000,3.600000
5,5,-3.897618,-3.661802,0.837334,0.768755,0.500000,3.600000
6,6,-0.213355,-6.054837,-0.054930,0.926214,0.500000,3.600000
7,7,4.164985,-3.902564,-0.372121,0.829119,0.500000,3.600000
0,0,4.958243,0.116360,-0.971044,-0.058038,0.500000,3.700000
1,1,4.357064,4.333190,-0.642592,-0.512586,0.500000,3.700000
2,2,0.222999,5.113899,-0.010278,-1.680637,0.500000,3.700000
3,3,-3.194167,4.340366,0.688361,-0.754766,0.500000,3.700000
4,4,-5.786156,0.136448,0.998516,-0.031624,0.500000,3.700000
5,5,-3.819714,-3.621098,0.779042,0.407034,0.500000,3.700000
6,6,-0.203553,-5.970106,0.098029,0.847305,0.500000,3.700000
7,7,4.116593,-3.816386,-0.483918,0.861784,0.500000,3.700000
0,0,4.832308,0.103308,-1.259348,-0.130519,0.500000,3.800000
1,1,4.289272,4.267186,-0.677924,-0.660045,0.500000,3.800000
2,2,0.267948,4.963714,0.449486,-1.501848,0.500000,3.800000
3,3,-3.129695,4.298422,0.644721,-0.419439,0.500000,3.800000
4,4,-5.647936,0.136997,1.382202,0.005492,0.500000,3.800000
5,5,-3.721857,-3.520119,0.978564,1.009790,0.500000,3.800000
6,6,-0.179442,-5.860151,0.241108,1.099555,0.500000,3.800000
7,7,4.067111,-3.730129,-0.494823,0.862570,0.500000,3.800000
0,0,4.706579,0.086882,-1.257284,-0.164258,0.500000,3.900000
1,1,4.192952,4.221808,-0.963201,-0.453778,0.500000,3.900000
2,2,0.309381,4.791466,0.414329,-1.722482,0.500000,3.900000
3,3,-3.049957,4.239903,0.797384,-0.585191,0.500000,3.900000
4,4,-5.549131,0.115337,0.988046,-0.216602,0.500000,3.900000
5,5,-3.658249,-3.445896,0.636078,0.742235,0.500000,3.900000
6,6,-0.156585,-5.761330,0.228569,0.988211,0.500000,3.900000
7,7,4.009883,-3.634447,-0.572283,0.956823,0.500000,3.900000
0,0,4.657322,0.088312,-0.492575,0.014299,0.500000,4.000000
1,1,4.131435,4.173776,-0.615172,-0.480317,0.500000,4.000000
2,2,0.323905,4.613620,0.145242,-1.778459,0.500000,4.000000
3,3,-2.971620,4.143429,0.783369,-0.964739,0.500000,4.000000
4,4,-5.402418,0.101052,1.467130,-0.142853,0.500000,4.000000
5,5,-3.579182,-3.372043,0.790675,0.738532,0.500000,4.000000
6,6,-0.149828,-5.683295,0.067571,0.780342,0.500000,4.000000
7,7,3.961341,-3.572336,-0.485415,0.621111,0.500000,4.000000
0,0,4.562359,0.110380,-0.949632,0.220682,0.500000,4.100000
1,1,4.074114,4.102226,-0.573205,-0.715501,0.500000,4.100000
2,2,0.405633,4.461579,0.817279,-1.520407,0.500000,4.100000
3,3,-2.884272,4.037738,0.873475,-1.056904,0.500000,4.100000
4,4,-5.270283,0.128368,1.321348,0.273164,0.500000,4.100000
5,5,-3.523634,-3.294872,0.555482,0.771704,0.500000,4.100000
6,6,-0.164240,-5.615685,-0.144122,0.676104,0.500000,4.100000
7,7,3.878152,-3.533636,-0.831886,0.386997,0.500000,4.100000
0,0,4.437857,0.124230,-1.245018,0.138499,0.500000,4.200000
1,1,4.015791,4.035475,-0.583235,-0.667506,0.500000,4.200000
2,2,0.429907,4.321318,0.242740,-1.402612,0.500000,4.200000
3,3,-2.798762,3.973524,0.855097,-0.642148,0.500000,4.200000
4,4,-5.136688,0.164681,1.335949,0.363121,0.500000,4.200000
5,5,-3.477210,-3.214009,0.464241,0.808636,0.500000,4.200000
6,6,-0.179757,-5.518812,-0.155173,0.968725,0.500000,4.200000
7,7,3.797862,-3.494042,-0.802902,0.395943,0.500000,4.200000
0,0,4.363160,0.138009,-0.746966,0.137792,0.500000,4.300000
1,1,3.961286,3.947680,-0.545045,-0.877949,0.500000,4.300000
2,2,0.482096,4.187464,0.521893,-1.338539,0.500000,4.300000
3,3,-2.712969,3.873624,0.857938,-0.999002,0.500000,4.300000
4,4,-4.999623,0.187639,1.370655,0.229588,0.500000,4.300000
5,5,-3.392248,-3.134230,0.849619,0.797782,0.500000,4.300000
6,6,-0.183296,-5.440291,-0.035386,0.785209,0.500000,4.300000
7,7,3.728553,-3.439704,-0.693097,0.543372,0.500000,4.300000
0,0,4.263735,0.141273,-0.994252,0.032634,0.500000,4.400000
1,1,3.889573,3.895974,-0.717130,-0.517067,0.500000,4.400000
2,2,0.545862,4.055158,0.637660,-1.323064,0.500000,4.400000
3,3,-2.635544,3.773276,0.774245,-1.003476,0.500000,4.400000
4,4,-4.855067,0.215218,1.445558,0.275789,0.500000,4.400000
5,5,-3.306905,-3.062921,0.853430,0.713090,0.500000,4.400000
6,6,-0.181602,-5.347886,0.016937,0.924051,0.500000,4.400000
7,7,3.639674,-3.351102,-0.888783,0.886019,0.500000,4.400000
0,0,4.112693,0.128201,-1.510422,-0.130717,0.500000,4.500000
1,1,3.796864,3.854787,-0.927096,-0.411867,0.500000,4.500000
2,2,0.568739,3.983490,0.228770,-0.716679,0.500000,4.500000
3,3,-2.547845,3.668351,0.876988,-1.049248,0.500000,4.500000
4,4,-4.706044,0.237396,1.490225,0.221775,0.500000,4.500000
5,5,-3.265248,-3.008356,0.416567,0.545658,0.500000,4.500000
6,6,-0.171312,-5.265375,0.102905,0.825117,0.500000,4.500000
7,7,3.525392,-3.252009,-1.142823,0.990938,0.500000,4.500000
0,0,4.034238,0.147062,-0.784552,0.188610,0.500000,4.600000
1,1,3.692760,3.838344,-1.041036,-0.164432,0.500000,4.600000
2,2,0.585001,3.904673,0.162625,-0.788173,0.500000,4.600000
3,3,-2.464555,3.569693,0.832906,-0.986585,0.500000,4.600000
4,4,-4.592265,0.234258,1.137792,-0.031380,0.500000,4.600000
5,5,-3.224762,-2.956510,0.404858,0.518454,0.500000,4.600000
6,6,-0.172080,-5.154871,-0.007685,1.105039,0.500000,4.600000
7,7,3.429584,-3.156813,-0.958085,0.951959,0.500000,4.600000
0,0,3.950927,0.164406,-0.833102,0.173438,0.500000,4.700000
1,1,3.648535,3.786879,-0.442253,-0.514650,0.500000,4.700000
2,2,0.574329,3.834941,-0.106728,-0.697319,0.500000,4.700000
3,3,-2.396089,3.473323,0.684657,-0.963692,0.500000,4.700000
4,4,-4.490892,0.213113,1.013736,-0.211448,0.500000,4.700000
5,5,-3.172260,-2.894888,0.525017,0.616225,0.500000,4.700000
6,6,-0.173048,-5.029895,-0.009680,1.249762,0.500000,4.700000
7,7,3.337561,-3.079768,-0.920229,0.770450,0.500000,4.700000
0,0,3.815650,0.186513,-1.352773,0.221070,0.500000,4.800000
1,1,3.596153,3.739392,-0.523823,-0.474870,0.500000,4.800000
2,2,0.558000,3.761283,-0.163284,-0.736573,0.500000,4.800000
3,3,-2.362935,3.339524,0.331540,-1.337994,0.500000,4.800000
4,4,-4.351736,0.196642,1.391558,-0.164709,0.500000,4.800000
5,5,-3.060211,-2.806105,1.120492,0.887830,0.500000,4.800000
6,6,-0.133675,-4.927517,0.393731,1.023774,0.500000,4.800000
7,7,3.227282,-2.993919,-1.102785,0.858491,0.500000,4.800000
0,0,3.721811,0.229134,-0.938392,0.426208,0.500000,4.900000
1,1,3.531152,3.685959,-0.650009,-0.534329,0.500000,4.900000
2,2,0.544566,3.680393,-0.134346,-0.808902,0.500000,4.900000
3,3,-2.320630,3.206831,0.423048,-1.326932,0.500000,4.900000
4,4,-4.269621,0.176630,0.821153,-0.200122,0.500000,4.900000
5,5,-2.995837,-2.774226,0.643744,0.318790,0.500000,4.900000
6,6,-0.114668,-4.815310,0.190073,1.122075,0.500000,4.900000
7,7,3.172295,-2.938863,-0.549869,0.550559,0.500000,4.900000
0,0,3.615418,0.255556,-1.063926,0.264222,0.500000,5.000000
1,1,3.466835,3.645409,-0.643166,-0.405501,0.500000,5.000000
2,2,0.516230,3.588254,-0.283359,-0.921396,0.500000,5.000000
3,3,-2.296526,3.084936,0.241047,-1.218949,0.500000,5.000000
4,4,-4.171600,0.171360,0.980210,-0.052697,0.500000,5.000000
5,5,-2.872622,-2.718004,1.232143,0.562215,0.500000,5.000000
6,6,-0.097235,-4.685182,0.174324,1.301274,0.500000,5.000000
7,7,3.109829,-2.858460,-0.624662,0.804032,0.500000,5.000000
0,0,3.504610,0.246317,-1.108083,-0.092393,0.500000,5.100000
1,1,3.397900,3.599571,-0.689350,-0.458374,0.500000,5.100000
2,2,0.491298,3.492472,-0.249319,-0.957811,0.500000,5.100000
3,3,-2.313764,2.964800,-0.172383,-1.201355,0.500000,5.100000
4,4,-4.085759,0.174775,0.858404,0.034150,0.500000,5.100000
5,5,-2.780164,-2.619437,0.924588,0.985674,0.500000,5.100000
6,6,-0.103506,-4.598301,-0.062705,0.868810,0.500000,5.100000
7,7,3.059387,-2.764867,-0.504421,0.935925,0.500000,5.100000
0,0,3.387040,0.241310,-1.175695,-0.050069,0.500000,5.200000
1,1,3.334457,3.539031,-0.634429,-0.605403,0.500000,5.200000
2,2,0.475599,3.376116,-0.156987,-1.163563,0.500000,5.200000
3,3,-2.300128,2.896032,0.136356,-0.687687,0.500000,5.200000
4,4,-3.994845,0.163229,0.909142,-0.115461,0.500000,5.200000
5,5,-2.671343,-2.561095,1.088202,0.583415,0.500000,5.200000
6,6,-0.116548,-4.520097,-0.130419,0.782038,0.500000,5.200000
7,7,2.988268,-2.699095,-0.711185,0.657723,0.500000,5.200000
0,0,3.258659,0.249143,-1.283811,0.078338,0.500000,5.300000
1,1,3.255066,3.469973,-0.793911,-0.690577,0.500000,5.300000
2,2,0.488359,3.272583,0.127602,-1.035327,0.500000,5.300000
3,3,-2.286918,2.818225,0.132102,-0.778065,0.500000,5.300000
4,4,-3.906764,0.162934,0.880811,-0.002954,0.500000,5.300000
5,5,-2.559627,-2.467442,1.117160,0.936539,0.500000,5.300000
6,6,-0.124462,-4.420710,-0.079146,0.993872,0.500000,5.300000
7,7,2.941662,-2.638032,-0.466061,0.610629,0.500000,5.300000
0,0,3.120508,0.274710,-1.381516,0.255662,0.500000,5.400000
1,1,3.212090,3.419508,-0.429755,-0.504655,0.500000,5.400000
2,2,0.487290,3.178689,-0.010689,-0.938940,0.500000,5.400000
3,3,-2.255743,2.742218,0.311753,-0.760071,0.500000,5.400000
4,4,-3.816854,0.177803,0.899102,0.148689,0.500000,5.400000
5,5,-2.432165,-2.384892,1.274625,0.825492,0.500000,5.400000
6,6,-0.113834,-4.311274,0.106289,1.094358,0.500000,5.400000
7,7,2.901872,-2.545170,-0.397902,0.928614,0.500000,5.400000
0,0,2.991475,0.311107,-1.290328,0.363972,0.500000,5.500000
1,1,3.164198,3.357027,-0.478920,-0.624813,0.500000,5.500000
2,2,0.510651,3.055727,0.233603,-1.229622,0.500000,5.500000
3,3,-2.230640,2.683471,0.251033,-0.587471,0.500000,5.500000
4,4,-3.724042,0.156412,0.928114,-0.213906,0.500000,5.500000
5,5,-2.344450,-2.306137,0.877155,0.787550,0.500000,5.500000
6,6,-0.100379,-4.217054,0.134548,0.942200,0.500000,5.500000
7,7,2.851809,-2.460616,-0.500630,0.845549,0.500000,5.500000
0,0,2.852289,0.300539,-1.391856,-0.105675,0.500000,5.600000
1,1,3.109743,3.285619,-0.544552,-0.714075,0.500000,5.600000
2,2,0.510090,2.934775,-0.005602,-1.209523,0.500000,5.600000
3,3,-2.199196,2.627298,0.314431,-0.561732,0.500000,5.600000
4,4,-3.644658,0.132643,0.793846,-0.237692,0.500000,5.600000
5,5,-2.243291,-2.258992,1.011586,0.471453,0.500000,5.600000
6,6,-0.110890,-4.104858,-0.105109,1.121964,0.500000,5.600000
7,7,2.803720,-2.401980,-0.480891,0.586357,0.500000,5.600000
0,0,2.728299,0.309953,-1.239904,0.094139,0.500000,5.700000
1,1,3.041865,3.211781,-0.678779,-0.738381,0.500000,5.700000
2,2,0.502005,2.819586,-0.080852,-1.151890,0.500000,5.700000
3,3,-2.155154,2.573497,0.440425,-0.538007,0.500000,5.700000
4,4,-3.568604,0.113945,0.760538,-0.186977,0.500000,5.700000
5,5,-2.139291,-2.185471,1.039998,0.735214,0.500000,5.700000
6,6,-0.117684,-4.023544,-0.067941,0.813138,0.500000,5.700000
7,7,2.751330,-2.348328,-0.523898,0.536521,0.500000,5.700000
0,0,2.596480,0.306177,-1.318187,-0.037762,0.500000,5.800000
1,1,2.964313,3.161223,-0.775523,-0.505577,0.500000,5.800000
2,2,0.489359,2.692914,-0.126459,-1.266715,0.500000,5.800000
3,3,-2.108452,2.519137,0.467023,-0.543600,0.500000,5.800000
4,4,-3.486836,0.103755,0.817682,-0.101902,0.500000,5.800000
5,5,-2.060664,-2.120049,0.786269,0.654218,0.500000,5.800000
6,6,-0.130173,-3.943165,-0.124893,0.803796,0.500000,5.800000
7,7,2.689079,-2.253851,-0.622508,0.944766,0.500000,5.800000
0,0,2.449641,0.275446,-1.468395,-0.307309,0.500000,5.900000
1,1,2.893347,3.083469,-0.709664,-0.777545,0.500000,5.900000
2,2,0.468706,2.551457,-0.206535,-1.414577,0.500000,5.900000
3,3,-2.068710,2.470836,0.397411,-0.483014,0.500000,5.900000
4,4,-3.403486,0.108499,0.833495,0.047437,0.500000,5.900000
5,5,-1.970852,-2.106354,0.898122,0.136947,0.500000,5.900000
6,6,-0.125284,-3.853828,0.048891,0.893364,0.500000,5.900000
7,7,2.598539,-2.173808,-0.905402,0.800430,0.500000,5.900000
0,0,2.316161,0.272249,-1.334797,-0.031977,0.500000,6.000000
1,1,2.821827,3.001473,-0.715197,-0.819959,0.500000,6.000000
2,2,0.462503,2.416206,-0.062025,-1.352508,0.500000,6.000000
3,3,-2.035422,2.407501,0.332886,-0.633345,0.500000,6.000000
4,4,-3.328813,0.107659,0.746736,-0.008398,0.500000,6.000000
5,5,-1.889354,-2.029533,0.814976,0.768216,0.500000,6.000000
6,6,-0.078689,-3.729055,0.465953,1.247730,0.500000,6.000000
7,7,2.523315,-2.118199,-0.752246,0.556091,0.500000,6.000000
0,0,2.160081,0.292497,-1.560798,0.202479,0.500000,6.100000
1,1,2.745546,2.929680,-0.762807,-0.717929,0.500000,6.100000
2,2,0.424424,2.257345,-0.380798,-1.588611,0.500000,6.100000
3,3,-1.992643,2.321886,0.427785,-0.856150,0.500000,6.100000
4,4,-3.241090,0.076896,0.877230,-0.307630,0.500000,6.100000
5,5,-1.825915,-1.970098,0.634392,0.594344,0.500000,6.100000
6,6,-0.053622,-3.646171,0.250661,0.828842,0.500000,6.100000
7,7,2.418643,-2.042423,-1.046721,0.757764,0.500000,6.100000
0,0,2.004777,0.317058,-1.553048,0.245619,0.500000,6.200000
1,1,2.662169,2.872138,-0.833772,-0.575421,0.500000,6.200000
2,2,0.395747,2.139358,-0.286762,-1.179864,0.500000,6.200000
3,3,-1.938847,2.242278,0.537960,-0.796077,0.500000,6.200000
4,4,-3.166171,0.046121,0.749185,-0.307744,0.500000,6.200000
5,5,-1.754863,-1.897177,0.710525,0.729208,0.500000,6.200000
6,6,-0.041806,-3.577645,0.118163,0.685261,0.500000,6.200000
7,7,2.337354,-1.984337,-0.812885,0.580852,0.500000,6.200000
0,0,1.888343,0.345990,-1.164336,0.289318,0.500000,6.300000
1,1,2.584337,2.807065,-0.778320,-0.650732,0.500000,6.300000
2,2,0.406784,1.973692,0.110370,-1.656659,0.500000,6.300000
3,3,-1.874647,2.167518,0.642002,-0.747603,0.500000,6.300000
4,4,-3.097500,0.044054,0.686713,-0.020673,0.500000,6.300000
5,5,-1.683674,-1.809055,0.711890,0.881227,0.500000,6.300000
6,6,-0.008823,-3.491011,0.329827,0.866335,0.500000,6.300000
7,7,2.263154,-1.925456,-0.741997,0.588818,0.500000,6.300000
0,0,1.839997,0.405673,-0.483456,0.596825,0.500000,6.400000
1,1,2.510223,2.747711,-0.741142,-0.593536,0.500000,6.400000
2,2,0.314542,1.849007,-0.922418,-1.246853,0.500000,6.400000
3,3,-1.808596,2.094164,0.660515,-0.733544,0.500000,6.400000
4,4,-3.030288,0.029871,0.672119,-0.141829,0.500000,6.400000
5,5,-1.599625,-1.755280,0.840486,0.537747,0.500000,6.400000
6,6,0.012815,-3.406133,0.216380,0.848788,0.500000,6.400000
7,7,2.201384,-1.847446,-0.617705,0.780094,0.500000,6.400000
0,0,1.793985,0.445858,-0.460126,0.401857,0.500000,6.500000
1,1,2.438110,2.693279,-0.721125,-0.544319,0.500000,6.500000
2,2,0.307301,1.748844,-0.072409,-1.001635,0.500000,6.500000
3,3,-1.741645,2.040153,0.669504,-0.540108,0.500000,6.500000
4,4,-2.971052,0.026593,0.592359,-0.032785,0.500000,6.500000
5,5,-1.516192,-1.664351,0.834334,0.909285,0.500000,6.500000
6,6,0.029049,-3.337804,0.162343,0.683291,0.500000,6.500000
7,7,2.085966,-1.793136,-1.154177,0.543099,0.500000,6.500000
0,0,1.735029,0.504616,-0.589558,0.587577,0.500000,6.600000
1,1,2.355200,2.623532,-0.829106,-0.697472,0.500000,6.600000
2,2,0.294473,1.655088,-0.128289,-0.937554,0.500000,6.600000
3,3,-1.678956,1.998430,0.626895,-0.417224,0.500000,6.600000
4,4,-2.918186,0.019076,0.528655,-0.075167,0.500000,6.600000
5,5,-1.421376,-1.603586,0.948155,0.607652,0.500000,6.600000
6,6,0.035882,-3.244264,0.068331,0.935399,0.500000,6.600000
7,7,1.993394,-1.719424,-0.925724,0.737121,0.500000,6.600000
0,0,1.677052,0.560932,-0.579770,0.563154,0.500000,6.700000
1,1,2.318021,2.592479,-0.371789,-0.310531,0.500000,6.700000
2,2,0.276691,1.542924,-0.177812,-1.121641,0.500000,6.700000
3,3,-1.605219,1.958140,0.737365,-0.402899,0.500000,6.700000
4,4,-2.848392,0.017252,0.697949,-0.018245,0.500000,6.700000
5,5,-1.357117,-1.526444,0.642595,0.771420,0.500000,6.700000
6,6,0.025911,-3.159487,-0.099705,0.847769,0.500000,6.700000
7,7,1.891784,-1.661823,-1.016094,0.576013,0.500000,6.700000
0,0,1.635767,0.612836,-0.412849,0.519047,0.500000,6.800000
1,1,2.282318,2.550437,-0.357027,-0.420414,0.500000,6.800000
2,2,0.258077,1.418110,-0.186145,-1.248141,0.500000,6.800000
3,3,-1.532414,1.942356,0.728053,-0.157847,0.500000,6.800000
4,4,-2.786309,0.043312,0.620821,0.260602,0.500000,6.800000
5,5,-1.268502,-1.449447,0.886147,0.769969,0.500000,6.800000
6,6,0.012919,-3.059930,-0.129921,0.995566,0.500000,6.800000
7,7,1.794790,-1.598957,-0.969943,0.628660,0.500000,6.800000
0,0,1.581195,0.656908,-0.545722,0.440717,0.500000,6.900000
1,1,2.265005,2.498065,-0.173131,-0.523727,0.500000,6.900000
2,2,0.260498,1.312734,0.024208,-1.053758,0.500000,6.900000
3,3,-1.461650,1.879563,0.707642,-0.627924,0.500000,6.900000
4,4,-2.728171,0.069662,0.581388,0.263497,0.500000,6.900000
5,5,-1.186617,-1.362875,0.818852,0.865724,0.500000,6.900000
6,6,-0.018621,-2.973256,-0.315401,0.866737,0.500000,6.900000
7,7,1.707437,-1.541215,-0.873530,0.577419,0.500000,6.900000
0,0,1.536032,0.694902,-0.451625,0.379945,0.500000,7.000000
1,1,2.245744,2.431203,-0.192612,-0.668619,0.500000,7.000000
2,2,0.266508,1.148959,0.060102,-1.637755,0.500000,7.000000
3,3,-1.359730,1.815173,1.019203,-0.643900,0.500000,7.000000
4,4,-2.682539,0.074223,0.456318,0.045616,0.500000,7.000000
5,5,-1.062064,-1.285982,1.245532,0.768931,0.500000,7.000000
6,6,-0.042316,-2.864170,-0.236951,1.090867,0.500000,7.000000
7,7,1.621020,-1.466806,-0.864167,0.744093,0.500000,7.000000
0,0,1.486748,0.733148,-0.492843,0.382458,0.500000,7.100000
1,1,2.233487,2.363186,-0.122570,-0.680171,0.500000,7.100000
2,2,0.208366,0.997786,-0.581420,-1.511732,0.500000,7.100000
3,3,-1.247273,1.767848,1.124563,-0.473254,0.500000,7.100000
4,4,-2.636041,0.082141,0.464976,0.079175,0.500000,7.100000
5,5,-0.964693,-1.211022,0.973706,0.749595,0.500000,7.100000
6,6,-0.052307,-2.750769,-0.099915,1.134005,0.500000,7.100000
7,7,1.560572,-1.433961,-0.604486,0.328446,0.500000,7.100000
0,0,1.400994,0.752135,-0.857545,0.189870,0.500000,7.200000
1,1,2.214492,2.323630,-0.189950,-0.395556,0.500000,7.200000
2,2,0.149973,0.860200,-0.583931,-1.375860,0.500000,7.200000
3,3,-1.185184,1.678503,0.620893,-0.893449,0.500000,7.200000
4,4,-2.597790,0.078358,0.382515,-0.037829,0.500000,7.200000
5,5,-0.862483,-1.135952,1.022102,0.750708,0.500000,7.200000
6,6,-0.071469,-2.644095,-0.191614,1.066738,0.500000,7.200000
7,7,1.519356,-1.413277,-0.412156,0.206848,0.500000,7.200000
0,0,1.310235,0.775744,-0.907582,0.236088,0.500000,7.300000
1,1,2.179977,2.295714,-0.345152,-0.279164,0.500000,7.300000
2,2,0.100976,0.728634,-0.489970,-1.315655,0.500000,7.300000
3,3,-1.142216,1.610950,0.429679,-0.675529,0.500000,7.300000
4,4,-2.556887,0.081091,0.409027,0.027328,0.500000,7.300000
5,5,-0.799492,-1.051989,0.629909,0.839625,0.500000,7.300000
6,6,-0.102750,-2.531232,-0.312814,1.128634,0.500000,7.300000
7,7,1.471813,-1.407311,-0.475435,0.059656,0.500000,7.300000
0,0,1.192043,0.800772,-1.181923,0.250282,0.500000,7.400000
1,1,2.139655,2.268652,-0.403218,-0.270620,0.500000,7.400000
2,2,0.071653,0.625139,-0.293228,-1.034953,0.500000,7.400000
3,3,-1.079665,1.552050,0.625516,-0.589000,0.500000,7.400000
4,4,-2.517402,0.084538,0.394848,0.034477,0.500000,7.400000
5,5,-0.745921,-0.955113,0.535712,0.968759,0.500000,7.400000
6,6,-0.081142,-2.428767,0.216081,1.024645,0.500000,7.400000
7,7,1.417223,-1.398698,-0.545891,0.086134,0.500000,7.400000
0,0,1.091203,0.831102,-1.008406,0.303297,0.500000,7.500000
1,1,2.096824,2.218466,-0.428313,-0.501857,0.500000,7.500000
2,2,0.061002,0.466006,-0.106511,-1.591329,0.500000,7.500000
3,3,-1.013855,1.507092,0.658091,-0.449583,0.500000,7.500000
4,4,-2.458074,0.092660,0.593285,0.081219,0.500000,7.500000
5,5,-0.699482,-0.849603,0.464384,1.055103,0.500000,7.500000
6,6,-0.069326,-2.313610,0.118154,1.151578,0.500000,7.500000
7,7,1.402059,-1.389267,-0.151644,0.094306,0.500000,7.500000
0,0,0.980487,0.828770,-1.107153,-0.023317,0.500000,7.600000
1,1,2.052859,2.151185,-0.439648,-0.672810,0.500000,7.600000
2,2,0.070141,0.287483,0.091393,-1.785226,0.500000,7.600000
3,3,-0.956974,1.464884,0.568817,-0.422083,0.500000,7.600000
4,4,-2.369110,0.107691,0.889643,0.150313,0.500000,7.600000
5,5,-0.758776,-0.764387,-0.592935,0.852161,0.500000,7.600000
6,6,-0.045365,-2.215370,0.239619,0.982397,0.500000,7.600000
7,7,1.392074,-1.384346,-0.099851,0.049205,0.500000,7.600000
0,0,0.906000,0.831862,-0.744871,0.030919,0.500000,7.700000
1,1,1.979778,2.087778,-0.730807,-0.634073,0.500000,7.700000
2,2,0.075672,0.131268,0.055307,-1.562148,0.500000,7.700000
3,3,-0.874948,1.395829,0.820258,-0.690547,0.500000,7.700000
4,4,-2.360155,0.066539,0.089541,-0.411523,0.500000,7.700000
5,5,-0.801510,-0.682426,-0.427342,0.819606,0.500000,7.700000
6,6,-0.032178,-2.118371,0.131867,0.969991,0.500000,7.700000
7,7,1.376905,-1.381415,-0.151686,0.029316,0.500000,7.700000
0,0,0.831524,0.841633,-0.744763,0.097709,0.500000,7.800000
1,1,1.932772,2.029260,-0.470061,-0.585178,0.500000,7.800000
2,2,0.053998,-0.005379,-0.216737,-1.366478,0.500000,7.800000
3,3,-0.762677,1.319102,1.122705,-0.767273,0.500000,7.800000
4,4,-2.345308,0.025805,0.148475,-0.407343,0.500000,7.800000
5,5,-0.861954,-0.616784,-0.604436,0.656421,0.500000,7.800000
6,6,0.000470,-1.998205,0.326477,1.201659,0.500000,7.800000
7,7,1.360004,-1.380954,-0.169016,0.004607,0.500000,7.800000
0,0,0.723248,0.833410,-1.082761,-0.082227,0.500000,7.900000
1,1,1.880454,1.968342,-0.523185,-0.609181,0.500000,7.900000
2,2,0.033818,-0.141829,-0.201805,-1.364495,0.500000,7.900000
3,3,-0.689308,1.243228,0.733695,-0.758737,0.500000,7.900000
4,4,-2.347946,-0.026782,-0.026379,-0.525864,0.500000,7.900000
5,5,-0.919235,-0.559745,-0.572816,0.570389,0.500000,7.900000
6,6,0.021026,-1.862589,0.205561,1.356159,0.500000,7.900000
7,7,1.341726,-1.383692,-0.182779,-0.027383,0.500000,7.900000
0,0,0.619713,0.861760,-1.035347,0.283492,0.500000,8.000000
1,1,1.809930,1.910051,-0.705235,-0.582911,0.500000,8.000000
2,2,0.016489,-0.240879,-0.173284,-0.990504,0.500000,8.000000
3,3,-0.717154,1.096323,-0.278465,-1.469049,0.500000,8.000000
4,4,-2.357161,-0.065209,-0.092154,-0.384279,0.500000,8.000000
5,5,-0.962575,-0.522967,-0.433397,0.367780,0.500000,8.000000
6,6,0.006731,-1.748052,-0.142950,1.145371,0.500000,8.000000
7,7,1.322688,-1.381223,-0.190379,0.024697,0.500000,8.000000
0,0,0.505082,0.867492,-1.146313,0.057323,0.500000,8.100000
1,1,1.734665,1.847539,-0.752652,-0.625117,0.500000,8.100000
2,2,0.007458,-0.330378,-0.090313,-0.894989,0.500000,8.100000
3,3,-0.773868,0.970876,-0.567138,-1.254470,0.500000,8.100000
4,4,-2.366993,-0.110905,-0.098320,-0.456957,0.500000,8.100000
5,5,-1.007804,-0.488024,-0.452286,0.349427,0.500000,8.100000
6,6,0.004095,-1.627492,-0.026356,1.205603,0.500000,8.100000
7,7,1.302839,-1.380940,-0.198494,0.002825,0.500000,8.100000
0,0,0.388657,0.847006,-1.164246,-0.204864,0.500000,8.200000
1,1,1.666518,1.783177,-0.681473,-0.643619,0.500000,8.200000
2,2,-0.000035,-0.442703,-0.074933,-1.123250,0.500000,8.200000
3,3,-0.845217,0.827636,-0.713484,-1.432398,0.500000,8.200000
4,4,-2.384606,-0.150350,-0.176128,-0.394447,0.500000,8.200000
5,5,-1.042484,-0.452703,-0.346801,0.353210,0.500000,8.200000
6,6,0.079131,-1.650596,0.750361,-0.231043,0.500000,8.200000
7,7,1.280239,-1.381554,-0.225998,-0.006134,0.500000,8.200000
0,0,0.273233,0.802141,-1.154242,-0.448647,0.500000,8.300000
1,1,1.589991,1.754610,-0.765271,-0.285675,0.500000,8.300000
2,2,0.021681,-0.580335,0.217157,-1.376320,0.500000,8.300000
3,3,-0.938762,0.734013,-0.935454,-0.936234,0.500000,8.300000
4,4,-2.402314,-0.183825,-0.177082,-0.334754,0.500000,8.300000
5,5,-1.072858,-0.424930,-0.303744,0.277735,0.500000,8.300000
6,6,0.172271,-1.686140,0.931397,-0.355442,0.500000,8.300000
7,7,1.262337,-1.317480,-0.179021,0.640740,0.500000,8.300000
0,0,0.162428,0.786740,-1.108048,-0.154011,0.500000,8.400000
1,1,1.533390,1.724667,-0.566005,-0.299426,0.500000,8.400000
2,2,0.006322,-0.691809,-0.153586,-1.114744,0.500000,8.400000
3,3,-0.863121,0.683975,0.756408,-0.500377,0.500000,8.400000
4,4,-2.415462,-0.216086,-0.131476,-0.322607,0.500000,8.400000
5,5,-1.100436,-0.398044,-0.275781,0.268858,0.500000,8.400000
6,6,0.300848,-1.759093,1.285770,-0.729529,0.500000,8.400000
7,7,1.252010,-1.247214,-0.103270,0.702655,0.500000,8.400000
0,0,0.208711,0.818545,0.462822,0.318055,0.500000,8.500000
1,1,1.475032,1.691194,-0.583580,-0.334736,0.500000,8.500000
2,2,0.001011,-0.821727,-0.053109,-1.299181,0.500000,8.500000
3,3,-0.951553,0.575200,-0.884319,-1.087748,0.500000,8.500000
4,4,-2.410419,-0.247067,0.050432,-0.309810,0.500000,8.500000
5,5,-1.121852,-0.379153,-0.214164,0.188916,0.500000,8.500000
6,6,0.426496,-1.820134,1.256475,-0.610407,0.500000,8.500000
7,7,1.224081,-1.185595,-0.279290,0.616197,0.500000,8.500000
0,0,0.239306,0.844037,0.305958,0.254914,0.500000,8.600000
1,1,1.503797,1.629208,0.287652,-0.619858,0.500000,8.600000
2,2,-0.008629,-0.939825,-0.096400,-1.180971,0.500000,8.600000
3,3,-1.072124,0.634208,-1.205705,0.590074,0.500000,8.600000
4,4,-2.411969,-0.271016,-0.015508,-0.239487,0.500000,8.600000
5,5,-1.137983,-0.425195,-0.161309,-0.460423,0.500000,8.600000
6,6,0.524107,-1.868038,0.976112,-0.479045,0.500000,8.600000
7,7,1.208296,-1.107298,-0.157852,0.782970,0.500000,8.600000
0,0,0.243492,0.855565,0.041853,0.115281,0.500000,8.700000
1,1,1.519557,1.555141,0.157593,-0.740665,0.500000,8.700000
2,2,-0.009300,-1.049166,-0.006714,-1.093417,0.500000,8.700000
3,3,-1.165545,0.684666,-0.934216,0.504579,0.500000,8.700000
4,4,-2.417073,-0.288694,-0.051041,-0.176782,0.500000,8.700000
5,5,-1.146334,-0.447157,-0.083503,-0.219624,0.500000,8.700000
6,6,0.593141,-1.886065,0.690346,-0.180271,0.500000,8.700000
7,7,1.186884,-1.035700,-0.214117,0.715975,0.500000,8.700000
0,0,0.244287,0.866810,0.007955,0.112448,0.500000,8.800000
1,1,1.534446,1.485789,0.148891,-0.693523,0.500000,8.800000
2,2,-0.052923,-1.173432,-0.436226,-1.242655,0.500000,8.800000
3,3,-1.255263,0.709258,-0.897180,0.245923,0.500000,8.800000
4,4,-2.425868,-0.303891,-0.087948,-0.151973,0.500000,8.800000
5,5,-1.146883,-0.459374,-0.005492,-0.122164,0.500000,8.800000
6,6,0.717362,-1.904742,1.242208,-0.186765,0.500000,8.800000
7,7,1.159970,-0.976497,-0.269140,0.592030,0.500000,8.800000
0,0,0.242522,0.874402,-0.017648,0.075929,0.500000,8.900000
1,1,1.540404,1.418569,0.059582,-0.672197,0.500000,8.900000
2,2,-0.071916,-1.281609,-0.189930,-1.081769,0.500000,8.900000
3,3,-1.319929,0.728965,-0.646660,0.197071,0.500000,8.900000
4,4,-2.434187,-0.318413,-0.083191,-0.145217,0.500000,8.900000
5,5,-1.144602,-0.468919,0.022807,-0.095451,0.500000,8.900000
6,6,0.829993,-1.915900,1.126305,-0.111580,0.500000,8.900000
7,7,1.107213,-0.915657,-0.527565,0.608403,0.500000,8.900000
0,0,0.239215,0.888090,-0.033074,0.136875,0.500000,9.000000
1,1,1.553302,1.349001,0.128979,-0.695687,0.500000,9.000000
2,2,-0.082499,-1.373045,-0.105830,-0.914360,0.500000,9.000000
3,3,-1.388478,0.751383,-0.685488,0.224183,0.500000,9.000000
4,4,-2.440744,-0.328843,-0.065567,-0.104302,0.500000,9.000000
5,5,-1.140757,-0.471699,0.038447,-0.027799,0.500000,9.000000
6,6,0.930346,-1.928976,1.003537,-0.130761,0.500000,9.000000
7,7,1.049598,-0.845591,-0.576158,0.700660,0.500000,9.000000
0,0,0.228774,0.895891,-0.104405,0.078010,0.500000,9.100000
1,1,1.550849,1.300712,-0.024531,-0.482887,0.500000,9.100000
2,2,-0.105390,-1.498368,-0.228910,-1.253230,0.500000,9.100000
3,3,-1.434563,0.767972,-0.460847,0.165891,0.500000,9.100000
4,4,-2.441559,-0.339111,-0.008151,-0.102677,0.500000,9.100000
5,5,-1.134405,-0.473607,0.063527,-0.019086,0.500000,9.100000
6,6,1.027581,-1.921115,0.972349,0.078607,0.500000,9.100000
7,7,1.007285,-0.780172,-0.423127,0.654183,0.500000,9.100000
0,0,0.213065,0.904765,-0.157090,0.088745,0.500000,9.200000
1,1,1.546171,1.248792,-0.046778,-0.519200,0.500000,9.200000
2,2,-0.106168,-1.618606,-0.007783,-1.202389,0.500000,9.200000
3,3,-1.462169,0.775796,-0.276068,0.078237,0.500000,9.200000
4,4,-2.431430,-0.350159,0.101295,-0.110482,0.500000,9.200000
5,5,-1.125759,-0.475523,0.086460,-0.019162,0.500000,9.200000
6,6,1.125053,-1.906494,0.974715,0.146208,0.500000,9.200000
7,7,0.966256,-0.715194,-0.410289,0.649785,0.500000,9.200000
0,0,0.198313,0.914227,-0.147523,0.094618,0.500000,9.300000
1,1,1.542121,1.199634,-0.040493,-0.491584,0.500000,9.300000
2,2,-0.075229,-1.744030,0.309390,-1.254238,0.500000,9.300000
3,3,-1.486964,0.774745,-0.247948,-0.010509,0.500000,9.300000
4,4,-2.424010,-0.355930,0.074198,-0.057711,0.500000,9.300000
5,5,-1.107447,-0.470200,0.183115,0.053237,0.500000,9.300000
6,6,1.197073,-1.888350,0.720203,0.181438,0.500000,9.300000
7,7,0.932015,-0.652526,-0.342407,0.626684,0.500000,9.300000
0,0,0.184751,0.922738,-0.135618,0.085112,0.500000,9.400000
1,1,1.523419,1.147855,-0.187024,-0.517785,0.500000,9.400000
2,2,-0.059759,-1.849420,0.154705,-1.053894,0.500000,9.400000
3,3,-1.506018,0.766087,-0.190541,-0.086577,0.500000,9.400000
4,4,-2.417412,-0.359916,0.065976,-0.039862,0.500000,9.400000
5,5,-1.072855,-0.441597,0.345927,0.286031,0.500000,9.400000
6,6,1.242535,-1.861460,0.454624,0.268900,0.500000,9.400000
7,7,0.884847,-0.587425,-0.471682,0.651004,0.500000,9.400000
0,0,0.159832,0.938494,-0.249189,0.157561,0.500000,9.500000
1,1,1.494060,1.101385,-0.293592,-0.464701,0.500000,9.500000
2,2,-0.016435,-1.946317,0.433236,-0.968978,0.500000,9.500000
3,3,-1.526534,0.756724,-0.205156,-0.093634,0.500000,9.500000
4,4,-2.405542,-0.359477,0.118702,0.004395,0.500000,9.500000
5,5,-1.038784,-0.401418,0.340703,0.401790,0.500000,9.500000
6,6,1.287116,-1.829378,0.445806,0.320828,0.500000,9.500000
7,7,0.818461,-0.516585,-0.663857,0.708397,0.500000,9.500000
0,0,0.134938,0.956097,-0.248945,0.176024,0.500000,9.600000
1,1,1.475271,1.049013,-0.187887,-0.523717,0.500000,9.600000
2,2,0.004419,-2.037553,0.208539,-0.912356,0.500000,9.600000
3,3,-1.533744,0.744402,-0.072096,-0.123224,0.500000,9.600000
4,4,-2.395852,-0.359621,0.096902,-0.001446,0.500000,9.600000
5,5,-0.999541,-0.357967,0.392435,0.434502,0.500000,9.600000
6,6,1.334550,-1.799346,0.474337,0.300317,0.500000,9.600000
7,7,0.764242,-0.447836,-0.542190,0.687489,0.500000,9.600000
0,0,0.106273,0.972583,-0.286649,0.164859,0.500000,9.700000
1,1,1.439720,0.988409,-0.355515,-0.606040,0.500000,9.700000
2,2,0.041252,-2.117762,0.368332,-0.802090,0.500000,9.700000
3,3,-1.540345,0.734325,-0.066018,-0.100767,0.500000,9.700000
4,4,-2.380048,-0.364826,0.158037,-0.052047,0.500000,9.700000
5,5,-0.967657,-0.302567,0.318838,0.554006,0.500000,9.700000
6,6,1.369525,-1.753940,0.349750,0.454061,0.500000,9.700000
7,7,0.701578,-0.369055,-0.626647,0.787811,0.500000,9.700000
0,0,0.068339,0.972205,-0.379338,-0.003783,0.500000,9.800000
1,1,1.393684,0.931387,-0.460360,-0.570223,0.500000,9.800000
2,2,0.083231,-2.198800,0.419794,-0.810385,0.500000,9.800000
3,3,-1.548619,0.718335,-0.082733,-0.159904,0.500000,9.800000
4,4,-2.340101,-0.373528,0.399474,-0.087023,0.500000,9.800000
5,5,-0.895906,-0.238323,0.717512,0.642432,0.500000,9.800000
6,6,1.398230,-1.700763,0.287051,0.531764,0.500000,9.800000
7,7,0.597846,-0.333260,-1.037313,0.357952,0.500000,9.800000
0,0,0.022313,0.979568,-0.460266,0.073631,0.500000,9.900000
1,1,1.343816,0.876274,-0.498677,-0.551134,0.500000,9.900000
2,2,0.117901,-2.304088,0.346692,-1.052879,0.500000,9.900000
3,3,-1.560235,0.702220,-0.116163,-0.161144,0.500000,9.900000
4,4,-2.298570,-0.385448,0.415308,-0.119197,0.500000,9.900000
5,5,-0.837113,-0.168833,0.587923,0.694909,0.500000,9.900000
6,6,1.414503,-1.643263,0.162737,0.575004,0.500000,9.900000
7,7,0.480903,-0.319129,-1.169431,0.141314,0.500000,9.900000
0,0,-0.025535,0.992003,-0.478476,0.124351,0.500000,10.000000
1,1,1.281922,0.821286,-0.618941,-0.549872,0.500000,10.000000
2,2,0.135012,-2.421809,0.171117,-1.177205,0.500000,10.000000
3,3,-1.573441,0.683995,-0.132064,-0.182252,0.500000,10.000000
4,4,-2.238757,-0.394660,0.598133,-0.092121,0.500000,10.000000
5,5,-0.780040,-0.113103,0.570739,0.557294,0.500000,10.000000
6,6,1.404701,-1.586030,-0.098028,0.572330,0.500000,10.000000
7,7,0.467586,-0.316407,-0.133174,0.027218,0.500000,10.000000
0,0,-0.091657,0.988273,-0.661225,-0.037295,0.500000,10.100000
1,1,1.190435,0.735049,-0.914864,-0.862370,0.500000,10.100000
2,2,0.154419,-2.523001,0.194071,-1.011922,0.500000,10.100000
3,3,-1.585648,0.663646,-0.122071,-0.203486,0.500000,10.100000
4,4,-2.145344,-0.408241,0.934125,-0.135804,0.500000,10.100000
5,5,-0.733120,-0.039549,0.469193,0.735544,0.500000,10.100000
6,6,1.404739,-1.532513,0.000383,0.535167,0.500000,10.100000
7,7,0.460404,-0.321679,-0.071822,-0.052717,0.500000,10.100000
0,0,-0.173371,1.082238,-0.817132,0.939645,0.500000,10.200000
1,1,1.087944,0.731455,-1.024917,-0.035944,0.500000,10.200000
2,2,0.167928,-2.645924,0.135089,-1.229228,0.500000,10.200000
3,3,-1.592768,0.641049,-0.071194,-0.225972,0.500000,10.200000
4,4,-2.047810,-0.433368,0.975344,-0.251272,0.500000,10.200000
5,5,-0.658304,0.053964,0.748167,0.935130,0.500000,10.200000
6,6,1.425544,-1.454899,0.208053,0.776139,0.500000,10.200000
7,7,0.449900,-0.327705,-0.105036,-0.060264,0.500000,10.200000
0,0,-0.242994,1.194108,-0.696234,1.118702,0.500000,10.300000
1,1,0.973878,0.740791,-1.140653,0.093354,0.500000,10.300000
2,2,0.184427,-2.776641,0.164992,-1.307173,0.500000,10.300000
3,3,-1.593859,0.614406,-0.010915,-0.266429,0.500000,10.300000
4,4,-1.952706,-0.461680,0.951040,-0.283119,0.500000,10.300000
5,5,-0.582542,0.139432,0.757614,0.854681,0.500000,10.300000
6,6,1.429305,-1.374345,0.037602,0.805540,0.500000,10.300000
7,7,0.438667,-0.333626,-0.112329,-0.059206,0.500000,10.300000
0,0,-0.311572,1.289317,-0.685779,0.952094,0.500000,10.400000
1,1,0.890258,0.753118,-0.836206,0.123274,0.500000,10.400000
2,2,0.215061,-2.930588,0.306336,-1.539469,0.500000,10.400000
3,3,-1.598254,0.586581,-0.043950,-0.278249,0.500000,10.400000
4,4,-1.888769,-0.509597,0.639371,-0.479172,0.500000,10.400000
5,5,-0.494052,0.242670,0.884904,1.032376,0.500000,10.400000
6,6,1.425072,-1.277192,-0.042323,0.971534,0.500000,10.400000
7,7,0.426688,-0.341691,-0.119792,-0.080649,0.500000,10.400000
0,0,-0.386269,1.373881,-0.746973,0.845633,0.500000,10.500000
1,1,0.799079,0.749388,-0.911787,-0.037301,0.500000,10.500000
2,2,0.214199,-3.024316,-0.008620,-0.937281,0.500000,10.500000
3,3,-1.602542,0.560091,-0.042880,-0.264903,0.500000,10.500000
4,4,-1.820804,-0.557392,0.679645,-0.477951,0.500000,10.500000
5,5,-0.377155,0.335155,1.168964,0.924846,0.500000,10.500000
6,6,1.413890,-1.184031,-0.111821,0.931610,0.500000,10.500000
7,7,0.413180,-0.350365,-0.135086,-0.086745,0.500000,10.500000
0,0,-0.476173,1.439936,-0.899037,0.660553,0.500000,10.600000
1,1,0.703004,0.745780,-0.960753,-0.036080,0.500000,10.600000
2,2,0.188985,-3.151425,-0.252143,-1.271093,0.500000,10.600000
3,3,-1.608562,0.533813,-0.060202,-0.262784,0.500000,10.600000
4,4,-1.725380,-0.563152,0.954244,-0.057604,0.500000,10.600000
5,5,-0.295357,0.441375,0.817982,1.062203,0.500000,10.600000
6,6,1.404914,-1.103889,-0.089761,0.801423,0.500000,10.600000
7,7,0.402749,-0.363935,-0.104310,-0.135695,0.500000,10.600000
0,0,-0.576100,1.493050,-0.999273,0.531142,0.500000,10.700000
1,1,0.792283,0.750190,0.892796,0.044097,0.500000,10.700000
2,2,0.157789,-3.276877,-0.311961,-1.254520,0.500000,10.700000
3,3,-1.611271,0.511137,-0.027085,-0.226757,0.500000,10.700000
4,4,-1.680332,-0.600957,0.450481,-0.378051,0.500000,10.700000
5,5,-0.207906,0.532930,0.874514,0.915547,0.500000,10.700000
6,6,1.400462,-0.988046,-0.044524,1.158429,0.500000,10.700000
7,7,0.383355,-0.366106,-0.193932,-0.021717,0.500000,10.700000
0,0,-0.677811,1.527354,-1.017112,0.343037,0.500000,10.800000
1,1,0.913345,0.708851,1.210619,-0.413386,0.500000,10.800000
2,2,0.145880,-3.388059,-0.119091,-1.111813,0.500000,10.800000
3,3,-1.612584,0.491643,-0.013131,-0.194944,0.500000,10.800000
4,4,-1.638951,-0.640462,0.413810,-0.395043,0.500000,10.800000
5,5,-0.153084,0.627229,0.548215,0.942995,0.500000,10.800000
6,6,1.403166,-0.852455,0.027039,1.355913,0.500000,10.800000
7,7,0.352552,-0.360321,-0.308034,0.057852,0.500000,10.800000
0,0,-0.770857,1.522281,-0.930457,-0.050731,0.500000,10.900000
1,1,1.002710,0.671983,0.893650,-0.368683,0.500000,10.900000
2,2,0.153429,-3.503688,0.075494,-1.156292,0.500000,10.900000
3,3,-1.614181,0.473901,-0.015969,-0.177416,0.500000,10.900000
4,4,-1.597755,-0.687082,0.411957,-0.466198,0.500000,10.900000
5,5,-0.099885,0.703304,0.531988,0.760748,0.500000,10.900000
6,6,1.407176,-0.727492,0.040104,1.249629,0.500000,10.900000
7,7,0.305396,-0.345089,-0.471559,0.152318,0.500000,10.900000
0,0,-0.860345,1.529249,-0.894883,0.069682,0.500000,11.000000
1,1,1.084848,0.624102,0.821379,-0.478810,0.500000,11.000000
2,2,0.142741,-3.598862,-0.106882,-0.951735,0.500000,11.000000
3,3,-1.616637,0.453472,-0.024556,-0.204287,0.500000,11.000000
4,4,-1.534677,-0.722765,0.630778,-0.356831,0.500000,11.000000
5,5,-0.010340,0.781052,0.895458,0.777479,0.500000,11.000000
6,6,1.363062,-0.638908,-0.441137,0.885837,0.500000,11.000000
7,7,0.254366,-0.318487,-0.510298,0.266025,0.500000,11.000000
0,0,-0.971248,1.509016,-1.109031,-0.202331,0.500000,11.100000
1,1,1.141432,0.576456,0.565835,-0.476452,0.500000,11.100000
2,2,0.126413,-3.719200,-0.163276,-1.203380,0.500000,11.100000
3,3,-1.603519,0.428306,0.131177,-0.251660,0.500000,11.100000
4,4,-1.453410,-0.743766,0.812669,-0.210016,0.500000,11.100000
5,5,0.119056,0.865499,1.293957,0.844472,0.500000,11.100000
6,6,1.329096,-0.532383,-0.339662,1.065245,0.500000,11.100000
7,7,0.215702,-0.279551,-0.386644,0.389357,0.500000,11.100000
0,0,-1.098149,1.467549,-1.269004,-0.414667,0.500000,11.200000
1,1,1.187850,0.532812,0.464182,-0.436445,0.500000,11.200000
2,2,0.137076,-3.813907,0.106631,-0.947080,0.500000,11.200000
3,3,-1.560100,0.389823,0.434189,-0.384836,0.500000,11.200000
4,4,-1.367864,-0.781699,0.855460,-0.379332,0.500000,11.200000
5,5,0.207646,0.920114,0.885895,0.546153,0.500000,11.200000
6,6,1.298157,-0.556255,-0.309392,-0.238711,0.500000,11.200000
7,7,0.160092,-0.228295,-0.556098,0.512560,0.500000,11.200000
0,0,-1.246454,1.452762,-1.483056,-0.147875,0.500000,11.300000
1,1,1.213311,0.502379,0.254607,-0.304327,0.500000,11.300000
2,2,0.125094,-3.920172,-0.119820,-1.062647,0.500000,11.300000
3,3,-1.500652,0.345822,0.594482,-0.440004,0.500000,11.300000
4,4,-1.239067,-0.806145,1.287976,-0.244460,0.500000,11.300000
5,5,0.312456,0.960661,1.048108,0.405465,0.500000,11.300000
6,6,1.269590,-0.585171,-0.285669,-0.289169,0.500000,11.300000
7,7,0.088421,-0.191142,-0.716714,0.371535,0.500000,11.300000
0,0,-1.369520,1.414543,-1.230657,-0.382190,0.500000,11.400000
1,1,1.254472,0.436275,0.411615,-0.661046,0.500000,11.400000
2,2,0.116256,-4.023161,-0.088386,-1.029891,0.500000,11.400000
3,3,-1.458766,0.295895,0.418855,-0.499279,0.500000,11.400000
4,4,-1.121114,-0.792956,1.179527,0.131890,0.500000,11.400000
5,5,0.381060,1.019784,0.686034,0.591228,0.500000,11.400000
6,6,1.236679,-0.602589,-0.329112,-0.174172,0.500000,11.400000
7,7,0.018000,-0.143885,-0.704208,0.472568,0.500000,11.400000
0,0,-1.490179,1.396355,-1.206587,-0.181876,0.500000,11.500000
1,1,1.276024,0.415457,0.215517,-0.208180,0.500000,11.500000
2,2,0.122419,-4.119804,0.061630,-0.966429,0.500000,11.500000
3,3,-1.404603,0.235064,0.541636,-0.608307,0.500000,11.500000
4,4,-0.976434,-0.766449,1.446799,0.265079,0.500000,11.500000
5,5,0.473328,1.116175,0.922681,0.963910,0.500000,11.500000
6,6,1.211422,-0.652822,-0.252571,-0.502336,0.500000,11.500000
7,7,-0.048899,-0.092969,-0.668988,0.509154,0.500000,11.500000
0,0,-1.632479,1.369366,-1.423001,-0.269892,0.500000,11.600000
1,1,1.276945,0.389372,0.009216,-0.260845,0.500000,11.600000
2,2,0.128248,-4.246968,0.058294,-1.271637,0.500000,11.600000
3,3,-1.369861,0.175756,0.347414,-0.593074,0.500000,11.600000
4,4,-0.833767,-0.755504,1.426675,0.109444,0.500000,11.600000
5,5,0.558529,1.196969,0.852006,0.807942,0.500000,11.600000
6,6,1.184747,-0.708967,-0.266745,-0.561443,0.500000,11.600000
7,7,-0.077238,0.032608,-0.283393,1.255771,0.500000,11.600000
0,0,-1.756149,1.359754,-1.236700,-0.096114,0.500000,11.700000
1,1,1.279650,0.357559,0.027041,-0.318132,0.500000,11.700000
2,2,0.134645,-4.378168,0.063966,-1.312007,0.500000,11.700000
3,3,-1.324145,0.107376,0.457160,-0.683806,0.500000,11.700000
4,4,-0.717905,-0.735445,1.158618,0.200589,0.500000,11.700000
5,5,0.639082,1.283011,0.805537,0.860426,0.500000,11.700000
6,6,1.153133,-0.767646,-0.316138,-0.586796,0.500000,11.700000
7,7,-0.134486,0.180164,-0.572474,1.475567,0.500000,11.700000
0,0,-1.873966,1.357302,-1.178166,-0.024523,0.500000,11.800000
1,1,1.263805,0.322370,-0.158448,-0.351895,0.500000,11.800000
2,2,0.121362,-4.527760,-0.132827,-1.495911,0.500000,11.800000
3,3,-1.287111,0.045325,0.370342,-0.620510,0.500000,11.800000
4,4,-0.593368,-0.749441,1.245364,-0.139961,0.500000,11.800000
5,5,0.756217,1.385274,1.171345,1.022628,0.500000,11.800000
6,6,1.107874,-0.822812,-0.452596,-0.551661,0.500000,11.800000
7,7,-0.195133,0.270231,-0.606477,0.900667,0.500000,11.800000
0,0,-1.976273,1.372496,-1.023075,0.151941,0.500000,11.900000
1,1,1.235839,0.293115,-0.279661,-0.292543,0.500000,11.900000
2,2,0.111472,-4.646724,-0.098904,-1.189642,0.500000,11.900000
3,3,-1.226249,-0.019275,0.608627,-0.645998,0.500000,11.900000
4,4,-0.487962,-0.730389,1.054065,0.190528,0.500000,11.900000
5,5,0.864791,1.464221,1.085738,0.789468,0.500000,11.900000
6,6,1.071272,-0.861910,-0.366020,-0.390976,0.500000,11.900000
7,7,-0.256261,0.364284,-0.611278,0.940527,0.500000,11.900000
0,0,-2.082845,1.383319,-1.065717,0.108233,0.500000,12.000000
1,1,1.191004,0.256518,-0.448343,-0.365971,0.500000,12.000000
2,2,0.114522,-4.794334,0.030500,-1.476101,0.500000,12.000000
3,3,-1.185912,-0.065765,0.403364,-0.464898,0.500000,12.000000
4,4,-0.371207,-0.709714,1.167548,0.206750,0.500000,12.000000
5,5,0.932477,1.562536,0.676863,0.983148,0.500000,12.000000
6,6,1.023910,-0.891590,-0.473612,-0.296799,0.500000,12.000000
7,7,-0.311101,0.451870,-0.548394,0.875864,0.500000,12.000000
0,0,-2.199896,1.371573,-1.170509,-0.117467,0.500000,12.100000
1,1,1.149575,0.222126,-0.414297,-0.343916,0.500000,12.100000
2,2,0.091099,-4.944064,-0.234227,-1.497306,0.500000,12.100000
3,3,-1.118039,-0.142047,0.678729,-0.762821,0.500000,12.100000
4,4,-0.258009,-0.687837,1.131986,0.218767,0.500000,12.100000
5,5,0.987971,1.662578,0.554939,1.000426,0.500000,12.100000
6,6,0.956051,-0.915873,-0.678594,-0.242827,0.500000,12.100000
7,7,-0.375300,0.542829,-0.641998,0.909593,0.500000,12.100000
0,0,-2.330023,1.321127,-1.301270,-0.504455,0.500000,12.200000
1,1,1.108120,0.205648,-0.414543,-0.164784,0.500000,12.200000
2,2,0.094070,-5.053678,0.029706,-1.096137,0.500000,12.200000
3,3,-1.045548,-0.229415,0.724911,-0.873681,0.500000,12.200000
4,4,-0.107087,-0.664065,1.509216,0.237716,0.500000,12.200000
5,5,1.079398,1.747697,0.914274,0.851188,0.500000,12.200000
6,6,0.855197,-0.914866,-1.008544,0.010064,0.500000,12.200000
7,7,-0.426208,0.619349,-0.509072,0.765196,0.500000,12.200000
0,0,-2.422148,1.285951,-0.921258,-0.351761,0.500000,12.300000
1,1,1.056047,0.175769,-0.520738,-0.298794,0.500000,12.300000
2,2,0.100169,-5.163364,0.060993,-1.096862,0.500000,12.300000
3,3,-0.957296,-0.309980,0.882520,-0.805652,0.500000,12.300000
4,4,-0.221627,-0.644499,-1.145404,0.195659,0.500000,12.300000
5,5,1.156435,1.823255,0.770368,0.755582,0.500000,12.300000
6,6,0.795602,-0.812724,-0.595944,1.021419,0.500000,12.300000
7,7,-0.471790,0.688760,-0.455819,0.694107,0.500000,12.300000
0,0,-2.516124,1.268732,-0.939761,-0.172192,0.500000,12.400000
1,1,1.047060,0.263101,-0.089865,0.873327,0.500000,12.400000
2,2,0.097058,-5.259293,-0.031107,-0.959290,0.500000,12.400000
3,3,-1.008648,-0.374699,-0.513522,-0.647189,0.500000,12.400000
4,4,-0.154629,-0.650193,0.669982,-0.056937,0.500000,12.400000
5,5,1.249148,1.890397,0.927134,0.671416,0.500000,12.400000
6,6,0.727310,-0.841232,-0.682920,-0.285075,0.500000,12.400000
7,7,-0.518376,0.768256,-0.465868,0.794964,0.500000,12.400000
0,0,-2.605452,1.267341,-0.893275,-0.013906,0.500000,12.500000
1,1,1.031042,0.333717,-0.160181,0.706158,0.500000,12.500000
2,2,0.087979,-5.369882,-0.090797,-1.105883,0.500000,12.500000
3,3,-1.020044,-0.367382,-0.113953,0.073170,0.500000,12.500000
4,4,-0.096189,-0.613694,0.584396,0.364992,0.500000,12.500000
5,5,1.309493,1.966652,0.603451,0.762546,0.500000,12.500000
6,6,0.727656,-0.848677,0.003462,-0.074455,0.500000,12.500000
7,7,-0.561505,0.850888,-0.431284,0.826322,0.500000,12.500000
